﻿{"cameraMode":{"drawMode":0,"name":"Shaded","section":"Shading Mode"},"sceneLighting":true,"audioPlay":false,"sceneViewState":{"showFog":true,"showMaterialUpdate":false,"showSkybox":true,"showFlares":true,"showImageEffects":true,"showParticleSystems":true},"in2DMode":false,"pivot":{"x":1.2080078125,"y":0.82000732421875,"z":-8.449996948242188},"rotation":{"x":-0.14852149784564973,"y":-0.5609292984008789,"z":0.1031208261847496,"w":-0.8078835606575012},"size":2.9474992752075197,"orthographic":false}