﻿{"cameraMode":{"drawMode":0,"name":"Shaded","section":"Shading Mode"},"sceneLighting":true,"audioPlay":false,"sceneViewState":{"showFog":true,"showMaterialUpdate":false,"showSkybox":true,"showFlares":true,"showImageEffects":true,"showParticleSystems":true},"in2DMode":false,"pivot":{"x":1.2080078125,"y":-0.51800537109375,"z":-9.199996948242188},"rotation":{"x":-0.17126764357089997,"y":-0.4356788396835327,"z":0.0848335549235344,"w":-0.8795769810676575},"size":4.4474992752075199,"orthographic":false}