﻿{"cameraMode":{"drawMode":0,"name":"Shaded","section":"Shading Mode"},"sceneLighting":true,"audioPlay":false,"sceneViewState":{"showFog":true,"showMaterialUpdate":false,"showSkybox":true,"showFlares":true,"showImageEffects":true,"showParticleSystems":true},"in2DMode":false,"pivot":{"x":0.49487507343292239,"y":0.6440786123275757,"z":-8.689927101135254},"rotation":{"x":0.23653842508792878,"y":-0.008443123660981655,"z":0.0020548345055431129,"w":0.9715886116027832},"size":2.121187686920166,"orthographic":false}