﻿{"cameraMode":{"drawMode":0,"name":"Shaded","section":"Shading Mode"},"sceneLighting":true,"audioPlay":false,"sceneViewState":{"showFog":true,"showMaterialUpdate":false,"showSkybox":true,"showFlares":true,"showImageEffects":true,"showParticleSystems":true},"in2DMode":false,"pivot":{"x":7.0999755859375,"y":-2.79998779296875,"z":-9.199996948242188},"rotation":{"x":0.06176387146115303,"y":-0.014661894179880619,"z":0.0009081161115318537,"w":0.9979881048202515},"size":7.47764253616333,"orthographic":false}