﻿{"cameraMode":{"drawMode":0,"name":"Shaded","section":"Shading Mode"},"sceneLighting":true,"audioPlay":false,"sceneViewState":{"showFog":true,"showMaterialUpdate":false,"showSkybox":true,"showFlares":true,"showImageEffects":true,"showParticleSystems":true},"in2DMode":false,"pivot":{"x":1.4464929103851319,"y":0.10100000351667404,"z":-1.7624022960662842},"rotation":{"x":0.10239137709140778,"y":0.34737300872802737,"z":-0.03819018602371216,"w":0.9313400983810425},"size":9.891318321228028,"orthographic":false}