﻿{"cameraMode":{"drawMode":0,"name":"Shaded","section":"Shading Mode"},"sceneLighting":true,"audioPlay":false,"sceneViewState":{"showFog":true,"showMaterialUpdate":false,"showSkybox":true,"showFlares":true,"showImageEffects":true,"showParticleSystems":true},"in2DMode":false,"pivot":{"x":0.7811279296875,"y":0.82000732421875,"z":-9.708999633789063},"rotation":{"x":-0.07184194773435593,"y":-0.1054282858967781,"z":0.0076367659494280819,"w":-0.9917994737625122},"size":3.8474996089935304,"orthographic":false}