﻿{"cameraMode":{"drawMode":0,"name":"Shaded","section":"Shading Mode"},"sceneLighting":true,"audioPlay":false,"sceneViewState":{"showFog":true,"showMaterialUpdate":false,"showSkybox":true,"showFlares":true,"showImageEffects":true,"showParticleSystems":true},"in2DMode":false,"pivot":{"x":-0.8566919565200806,"y":0.7154947519302368,"z":-2.3143277168273927},"rotation":{"x":0.11189312487840653,"y":0.10889342427253723,"z":-0.012334627099335194,"w":0.9876635074615479},"size":1.434457540512085,"orthographic":false}