﻿{"cameraMode":{"drawMode":0,"name":"Shaded","section":"Shading Mode"},"sceneLighting":true,"audioPlay":false,"sceneViewState":{"showFog":true,"showMaterialUpdate":false,"showSkybox":true,"showFlares":true,"showImageEffects":true,"showParticleSystems":true},"in2DMode":false,"pivot":{"x":3.8151469230651857,"y":0.6393798589706421,"z":-3.797534942626953},"rotation":{"x":-0.1827361136674881,"y":0.1036064550280571,"z":-0.01936831697821617,"w":-0.9774976968765259},"size":2.110549211502075,"orthographic":false}